mapper,memory
BWA,373.000000
BWA-MEM,495.000000
BWA-SW,543.000000
Bowtie 2,244.000000
NGM,2074.000000
