parameter,correct_percent,runtime
bwa,0.880000,12379.000000
bwamem,0.916000,19353.000000
bwasw,0.914000,5276.000000
bowtie2,0.915000,21620.000000
ngm,0.914000,45474.000000
