mapper,corrects
BWA,10887.483000
BWA-MEM,17722.887000
BWA-SW,4822.416000
Bowtie 2,19789.823000
NGM,41574.351000
