mapper,runtime
BWA,0.323000
BWA-MEM,0.206000
BWA-SW,0.757000
Bowtie 2,0.185000
NGM,0.088000
