parameter,correct_percent,runtime
bwa,0.157000,18725.000000
bwamem,0.914000,8448.000000
bwasw,0.870000,6518.000000
bowtie2,0.844000,17630.000000
ngm,0.915000,20303.000000
