mapper,memory
BWA,364.000000
BWA-MEM,541.000000
BWA-SW,502.000000
Bowtie 2,243.000000
NGM,2069.000000
