mapper,runtime
BWA,0.213000
BWA-MEM,0.473000
BWA-SW,0.613000
Bowtie 2,0.226000
NGM,0.197000
