mapper,corrects
BWA,2940.566000
BWA-MEM,7721.113000
BWA-SW,5670.056000
Bowtie 2,14887.531000
NGM,18569.810000
