mapper,runtime
BWA,0.053000
BWA-MEM,0.582000
BWA-SW,0.484000
Bowtie 2,0.193000
NGM,0.436000
