parameter,correct_percent,runtime
bwa,0.000000,56497.000000
bwamem,0.898000,5142.000000
bwasw,0.546000,6185.000000
bowtie2,0.535000,15541.000000
ngm,0.923000,6868.000000
