mapper,corrects
BWA,0.000000
BWA-MEM,4617.932000
BWA-SW,3374.467000
Bowtie 2,8312.089000
NGM,6336.317000
