mapper,memory
BWA,327.000000
BWA-MEM,560.000000
BWA-SW,585.000000
Bowtie 2,248.000000
NGM,2078.000000
