mapper,runtime
BWA,0.784000
BWA-MEM,0.302000
BWA-SW,0.054000
Bowtie 2,0.299000
NGM,0.144000
