parameter,correct_percent,runtime
bwa,0.836000,34708.000000
bwamem,0.000000,90105.000000
bwasw,0.000000,507416.000000
bowtie2,0.807000,90904.000000
ngm,0.811000,189269.000000
