mapper,corrects
BWA,29032.845000
BWA-MEM,0.000000
BWA-SW,0.000000
Bowtie 2,73330.093000
NGM,153446.984000
