mapper,memory
BWA,312.000000
BWA-MEM,2115.000000
BWA-SW,831.000000
Bowtie 2,232.000000
NGM,2132.000000
