mapper,runtime
BWA,0.763000
BWA-MEM,0.465000
BWA-SW,0.720000
Bowtie 2,0.436000
NGM,0.292000
