mapper,corrects
BWA,6677.965000
BWA-MEM,11007.012000
BWA-SW,7005.793000
Bowtie 2,11243.656000
NGM,17145.352000
