parameter,correct_percent,runtime
bwa,0.975000,6852.000000
bwamem,0.978000,11255.000000
bwasw,0.965000,7263.000000
bowtie2,0.937000,12000.000000
ngm,0.957000,17918.000000
