mapper,memory
BWA,4933.000000
BWA-MEM,5961.000000
BWA-SW,5842.000000
Bowtie 2,3481.000000
NGM,6794.000000
