mapper,memory
BWA,4877.000000
BWA-MEM,5954.000000
BWA-SW,5792.000000
Bowtie 2,3463.000000
NGM,6798.000000
