mapper,runtime
BWA,0.811000
BWA-MEM,0.440000
BWA-SW,0.691000
Bowtie 2,0.410000
NGM,0.265000
