parameter,correct_percent,runtime
bwa,0.924000,6445.000000
bwamem,0.963000,11876.000000
bwasw,0.938000,7563.000000
bowtie2,0.939000,12754.000000
ngm,0.952000,19703.000000
