mapper,corrects
BWA,5956.661000
BWA-MEM,11432.253000
BWA-SW,7097.315000
Bowtie 2,11973.318000
NGM,18747.540000
