parameter,correct_percent,runtime
bwa,0.896000,3962.000000
bwamem,0.933000,7803.000000
bwasw,0.931000,2391.000000
bowtie2,0.930000,5295.000000
ngm,0.929000,14624.000000
