mapper,memory
BWA,7454.000000
BWA-MEM,9032.000000
BWA-SW,8767.000000
Bowtie 2,3242.000000
NGM,7711.000000
