mapper,corrects
BWA,3551.291000
BWA-MEM,7282.900000
BWA-SW,2226.253000
Bowtie 2,4923.998000
NGM,13582.649000
