mapper,runtime
BWA,1.357000
BWA-MEM,0.689000
BWA-SW,2.249000
Bowtie 2,1.015000
NGM,0.368000
