mapper,memory
BWA,7414.000000
BWA-MEM,9396.000000
BWA-SW,8651.000000
Bowtie 2,3238.000000
NGM,7715.000000
