mapper,corrects
BWA,588.620000
BWA-MEM,2740.768000
BWA-SW,4178.913000
Bowtie 2,5961.817000
NGM,6491.899000
