mapper,runtime
BWA,1.469000
BWA-MEM,1.815000
BWA-SW,1.077000
Bowtie 2,0.753000
NGM,0.767000
