parameter,correct_percent,runtime
bwa,0.161000,3659.000000
bwamem,0.925000,2963.000000
bwasw,0.838000,4990.000000
bowtie2,0.835000,7142.000000
ngm,0.926000,7013.000000
