parameter,correct_percent,runtime
bwa,0.000000,32051.000000
bwamem,0.901000,1921.000000
bwasw,0.496000,4935.000000
bowtie2,0.514000,8342.000000
ngm,0.933000,669.000000
