mapper,corrects
BWA,0.132000
BWA-MEM,1730.450000
BWA-SW,2448.198000
Bowtie 2,4284.519000
NGM,624.457000
