mapper,memory
BWA,7299.000000
BWA-MEM,9308.000000
BWA-SW,8816.000000
Bowtie 2,3237.000000
NGM,7731.000000
