mapper,runtime
BWA,0.126000
BWA-MEM,2.099000
BWA-SW,0.817000
Bowtie 2,0.483000
NGM,6.026000
