parameter,correct_percent,runtime
bwa,0.741000,11291.000000
bwamem,0.000000,1012.000000
bwasw,0.000000,521541.000000
bowtie2,0.730000,44184.000000
ngm,0.713000,79818.000000
