mapper,corrects
BWA,8366.907000
BWA-MEM,0.000000
BWA-SW,0.000000
Bowtie 2,32271.533000
NGM,56893.665000
