mapper,memory
BWA,7353.000000
BWA-MEM,16025.000000
BWA-SW,9109.000000
Bowtie 2,3167.000000
NGM,7774.000000
