mapper,runtime
BWA,3.246000
BWA-MEM,36.230000
BWA-SW,0.070000
Bowtie 2,0.830000
NGM,0.459000
